page,execution_time_ms,query_count,result_count,status_code,error,total_count,has_next
1,71.44379615783691,2,50,200,,3000000,True
558,208.36949348449707,2,50,200,,3000000,True
587,204.23555374145508,2,50,200,,3000000,True
669,220.8712100982666,2,50,200,,3000000,True
801,248.52657318115234,2,50,200,,3000000,True
989,289.60275650024414,2,50,200,,3000000,True
1333,350.65555572509766,2,50,200,,3000000,True
1500,377.46405601501465,2,50,200,,3000000,True
1735,425.6870746612549,2,50,200,,3000000,True
2199,521.2087631225586,2,50,200,,3000000,True
2581,598.6778736114502,2,50,200,,3000000,True
2812,647.512674331665,2,50,200,,3000000,True
3000,682.7661991119385,2,50,200,,3000000,True
