page,execution_time_ms,query_count,result_count,status_code,error,total_count,has_next
1,73.78935813903809,2,50,200,,3000000,True
41,103.63245010375977,2,50,200,,3000000,True
226,198.6250877380371,2,50,200,,3000000,True
742,266.054630279541,2,50,200,,3000000,True
904,323.9443302154541,2,50,200,,3000000,True
941,312.79754638671875,2,50,200,,3000000,True
1012,301.4249801635742,2,50,200,,3000000,True
1500,417.7582263946533,2,50,200,,3000000,True
1790,458.62531661987305,2,50,200,,3000000,True
1963,489.55535888671875,2,50,200,,3000000,True
2726,645.7042694091797,2,50,200,,3000000,True
2931,741.0972118377686,2,50,200,,3000000,True
3000,744.1563606262207,2,50,200,,3000000,True
