page,execution_time_ms,query_count,result_count,status_code,error,total_count,has_next
1,70.61338424682617,2,50,200,,3000000,True
95,119.61841583251953,2,50,200,,3000000,True
452,185.93192100524902,2,50,200,,3000000,True
606,223.60968589782715,2,50,200,,3000000,True
1257,358.02412033081055,2,50,200,,3000000,True
1500,400.05016326904297,2,50,200,,3000000,True
1721,468.89352798461914,2,50,200,,3000000,True
2464,598.7489223480225,2,50,200,,3000000,True
2737,666.9046878814697,2,50,200,,3000000,True
2847,803.5068511962891,2,50,200,,3000000,True
2870,857.13791847229,2,50,200,,3000000,True
2911,641.0720348358154,2,50,200,,3000000,True
3000,660.078763961792,2,50,200,,3000000,True
